<?xml version="1.0" encoding="UTF-8"?>
<project-private xmlns="http://www.netbeans.org/ns/project-private/1">
    <editor-bookmarks xmlns="http://www.netbeans.org/ns/editor-bookmarks/2" lastBookmarkId="0"/>
    <open-files xmlns="http://www.netbeans.org/ns/projectui-open-files/2">
        <group>
            <file>file:/D:/2nd%20Sem/AIP/Projects/Admin%20Management%20System/web/PostAnnouncement.jsp</file>
            <file>file:/D:/2nd%20Sem/AIP/Projects/Admin%20Management%20System/src/java/EmployeeListServlet.java</file>
            <file>file:/D:/2nd%20Sem/AIP/Projects/Admin%20Management%20System/web/AssignTask.jsp</file>
            <file>file:/D:/2nd%20Sem/AIP/Projects/Admin%20Management%20System/src/java/DatabaseConnection.java</file>
            <file>file:/D:/2nd%20Sem/AIP/Projects/Admin%20Management%20System/web/dashboard.jsp</file>
        </group>
    </open-files>
</project-private>
